<?xml version='1.0'?>
<licenseSummary>
    <project>infinispan-console</project>
    <version>0.15.0</version>
    <license>Apache-2.0</license>
    <dependencies>
        <dependency>
            <packageName>express</packageName>
            <version>4.17.3</version>
            <licenses>
                <license>
                    <name>MIT License</name>
                    <url>http://www.opensource.org/licenses/MIT</url>
                </license>
            </licenses>
        </dependency>
        <dependency>
            <packageName>i18next-browser-languagedetector</packageName>
            <version>6.1.4</version>
            <licenses>
                <license>
                    <name>MIT License</name>
                    <url>http://www.opensource.org/licenses/MIT</url>
                </license>
            </licenses>
        </dependency>
        <dependency>
            <packageName>i18next-http-backend</packageName>
            <version>1.4.0</version>
            <licenses>
                <license>
                    <name>MIT License</name>
                    <url>http://www.opensource.org/licenses/MIT</url>
                </license>
            </licenses>
        </dependency>
        <dependency>
            <packageName>numeral</packageName>
            <version>2.0.6</version>
            <licenses>
                <license>
                    <name>MIT License</name>
                    <url>http://www.opensource.org/licenses/MIT</url>
                </license>
            </licenses>
        </dependency>
        <dependency>
            <packageName>react</packageName>
            <version>17.0.2</version>
            <licenses>
                <license>
                    <name>MIT License</name>
                    <url>http://www.opensource.org/licenses/MIT</url>
                </license>
            </licenses>
        </dependency>
        <dependency>
            <packageName>react-dom</packageName>
            <version>17.0.2</version>
            <licenses>
                <license>
                    <name>MIT License</name>
                    <url>http://www.opensource.org/licenses/MIT</url>
                </license>
            </licenses>
        </dependency>
        <dependency>
            <packageName>react-router-last-location</packageName>
            <version>2.0.1</version>
            <licenses>
                <license>
                    <name>MIT License</name>
                    <url>http://www.opensource.org/licenses/MIT</url>
                </license>
            </licenses>
        </dependency>
        <dependency>
            <packageName>react-syntax-highlighter</packageName>
            <version>15.5.0</version>
            <licenses>
                <license>
                    <name>MIT License</name>
                    <url>http://www.opensource.org/licenses/MIT</url>
                </license>
            </licenses>
        </dependency>
    </dependencies>
</licenseSummary>