<infinispan
      xmlns:xsi="http://www.w3.org/2001/XMLSchema-instance"
      xsi:schemaLocation="urn:infinispan:config:13.0 https://infinispan.org/schemas/infinispan-config-13.0.xsd
                            urn:infinispan:server:13.0 https://infinispan.org/schemas/infinispan-server-13.0.xsd"
      xmlns="urn:infinispan:config:13.0"
      xmlns:server="urn:infinispan:server:13.0">

   <cache-container name="default" statistics="true">
      <security>
         <authorization/>
      </security>
   </cache-container>

   <server xmlns="urn:infinispan:server:13.0">
      <interfaces>
         <interface name="public">
            <inet-address value="${infinispan.bind.address:127.0.0.1}"/>
         </interface>
      </interfaces>

      <socket-bindings default-interface="public" port-offset="${infinispan.socket.binding.port-offset:0}">
         <socket-binding name="default" port="${infinispan.bind.port:11222}"/>
         <socket-binding name="memcached" port="11221"/>
      </socket-bindings>

      <security>
         <security-realms>
            <security-realm name="default">
               <!-- Uncomment to enable TLS on the realm -->
               <!-- server-identities>
                  <ssl>
                     <keystore path="application.keystore"
                               password="password" alias="server"
                               generate-self-signed-certificate-host="localhost"/>
                  </ssl>
               </server-identities-->
               <properties-realm groups-attribute="Roles">
                  <user-properties path="users.properties"/>
                  <group-properties path="groups.properties"/>
               </properties-realm>
            </security-realm>
         </security-realms>
      </security>

      <endpoints>
         <endpoint socket-binding="default" security-realm="default">
            <ip-filter>
               <reject from="172.16.0.0/16"/>
               <accept from="127.0.0.0/8"/>
            </ip-filter>
            <hotrod-connector name="hotrod"/>
            <rest-connector name="rest"/>
            <!-- Uncomment to enable the memcached connector -->
            <!-- memcached-connector socket-binding="memcached" / -->
         </endpoint>
      </endpoints>
   </server>
</infinispan>
