<?xml version="1.0" encoding="UTF-8" standalone="no"?>
<licenseSummary>
    <dependencies>
        <dependency>
            <groupId>com.carrotsearch</groupId>
            <artifactId>hppc</artifactId>
            <version>0.8.1</version>
            <licenses>
                <license>
                    <name>The Apache Software License, Version 2.0</name>
                    <url>http://www.apache.org/licenses/LICENSE-2.0.txt</url>
                    <distribution>repo</distribution>
                </license>
            </licenses>
        </dependency>
        <dependency>
            <groupId>com.fasterxml.jackson.core</groupId>
            <artifactId>jackson-annotations</artifactId>
            <version>2.13.2</version>
            <licenses>
                <license>
                    <name>The Apache Software License, Version 2.0</name>
                    <url>http://www.apache.org/licenses/LICENSE-2.0.txt</url>
                    <distribution>repo</distribution>
                </license>
            </licenses>
        </dependency>
        <dependency>
            <groupId>com.fasterxml.jackson.core</groupId>
            <artifactId>jackson-core</artifactId>
            <version>2.13.2</version>
            <licenses>
                <license>
                    <name>The Apache Software License, Version 2.0</name>
                    <url>http://www.apache.org/licenses/LICENSE-2.0.txt</url>
                    <distribution>repo</distribution>
                </license>
            </licenses>
        </dependency>
        <dependency>
            <groupId>com.fasterxml.jackson.core</groupId>
            <artifactId>jackson-databind</artifactId>
            <version>2.13.2.2</version>
            <licenses>
                <license>
                    <name>The Apache Software License, Version 2.0</name>
                    <url>http://www.apache.org/licenses/LICENSE-2.0.txt</url>
                    <distribution>repo</distribution>
                </license>
            </licenses>
        </dependency>
        <dependency>
            <groupId>com.fasterxml.jackson.datatype</groupId>
            <artifactId>jackson-datatype-jdk8</artifactId>
            <version>2.13.2</version>
            <licenses>
                <license>
                    <name>The Apache Software License, Version 2.0</name>
                    <url>http://www.apache.org/licenses/LICENSE-2.0.txt</url>
                    <distribution>repo</distribution>
                </license>
            </licenses>
        </dependency>
        <dependency>
            <groupId>com.github.ben-manes.caffeine</groupId>
            <artifactId>caffeine</artifactId>
            <version>2.8.4</version>
            <licenses>
                <license>
                    <name>Apache License, Version 2.0</name>
                    <url>https://www.apache.org/licenses/LICENSE-2.0.txt</url>
                    <distribution>repo</distribution>
                </license>
            </licenses>
        </dependency>
        <dependency>
            <groupId>com.github.luben</groupId>
            <artifactId>zstd-jni</artifactId>
            <version>1.4.5-6</version>
            <licenses>
                <license>
                    <name>BSD 2-Clause License</name>
                    <url>https://opensource.org/licenses/BSD-2-Clause</url>
                    <distribution>repo</distribution>
                </license>
            </licenses>
        </dependency>
        <dependency>
            <groupId>com.squareup.okhttp3</groupId>
            <artifactId>okhttp</artifactId>
            <version>3.14.9</version>
            <licenses>
                <license>
                    <name>Apache 2.0</name>
                    <url>http://www.apache.org/licenses/LICENSE-2.0.txt</url>
                </license>
            </licenses>
        </dependency>
        <dependency>
            <groupId>com.squareup.okhttp3</groupId>
            <artifactId>okhttp-sse</artifactId>
            <version>3.14.9</version>
            <licenses>
                <license>
                    <name>Apache 2.0</name>
                    <url>http://www.apache.org/licenses/LICENSE-2.0.txt</url>
                </license>
            </licenses>
        </dependency>
        <dependency>
            <groupId>com.squareup.okio</groupId>
            <artifactId>okio</artifactId>
            <version>1.17.2</version>
            <licenses>
                <license>
                    <name>Apache 2.0</name>
                    <url>http://www.apache.org/licenses/LICENSE-2.0.txt</url>
                </license>
            </licenses>
        </dependency>
        <dependency>
            <groupId>com.thoughtworks.xstream</groupId>
            <artifactId>xstream</artifactId>
            <version>1.4.19</version>
            <licenses>
                <license>
                    <name>BSD-3-Clause</name>
                    <url>http://x-stream.github.io/license.html</url>
                    <distribution>repo</distribution>
                </license>
            </licenses>
        </dependency>
        <dependency>
            <packageName>express</packageName>
            <version>4.17.3</version>
            <licenses>
                <license>
                    <name>MIT License</name>
                    <url>http://www.opensource.org/licenses/MIT</url>
                </license>
            </licenses>
        </dependency>
        <dependency>
            <packageName>i18next-browser-languagedetector</packageName>
            <version>6.1.4</version>
            <licenses>
                <license>
                    <name>MIT License</name>
                    <url>http://www.opensource.org/licenses/MIT</url>
                </license>
            </licenses>
        </dependency>
        <dependency>
            <packageName>i18next-http-backend</packageName>
            <version>1.4.0</version>
            <licenses>
                <license>
                    <name>MIT License</name>
                    <url>http://www.opensource.org/licenses/MIT</url>
                </license>
            </licenses>
        </dependency>
        <dependency>
            <groupId>io.agroal</groupId>
            <artifactId>agroal-api</artifactId>
            <version>1.12</version>
            <licenses>
                <license>
                    <name>Apache License 2.0</name>
                    <url>http://www.apache.org/licenses/LICENSE-2.0.html</url>
                    <distribution>repo</distribution>
                </license>
            </licenses>
        </dependency>
        <dependency>
            <groupId>io.agroal</groupId>
            <artifactId>agroal-pool</artifactId>
            <version>1.12</version>
            <licenses>
                <license>
                    <name>Apache License 2.0</name>
                    <url>http://www.apache.org/licenses/LICENSE-2.0.html</url>
                    <distribution>repo</distribution>
                </license>
            </licenses>
        </dependency>
        <dependency>
            <groupId>io.netty</groupId>
            <artifactId>netty-buffer</artifactId>
            <version>4.1.72.Final</version>
            <licenses>
                <license>
                    <name>Apache License, Version 2.0</name>
                    <url>https://www.apache.org/licenses/LICENSE-2.0</url>
                </license>
            </licenses>
        </dependency>
        <dependency>
            <groupId>io.netty</groupId>
            <artifactId>netty-codec</artifactId>
            <version>4.1.72.Final</version>
            <licenses>
                <license>
                    <name>Apache License, Version 2.0</name>
                    <url>https://www.apache.org/licenses/LICENSE-2.0</url>
                </license>
            </licenses>
        </dependency>
        <dependency>
            <groupId>io.netty</groupId>
            <artifactId>netty-codec-http</artifactId>
            <version>4.1.72.Final</version>
            <licenses>
                <license>
                    <name>Apache License, Version 2.0</name>
                    <url>https://www.apache.org/licenses/LICENSE-2.0</url>
                </license>
            </licenses>
        </dependency>
        <dependency>
            <groupId>io.netty</groupId>
            <artifactId>netty-codec-http2</artifactId>
            <version>4.1.72.Final</version>
            <licenses>
                <license>
                    <name>Apache License, Version 2.0</name>
                    <url>https://www.apache.org/licenses/LICENSE-2.0</url>
                </license>
            </licenses>
        </dependency>
        <dependency>
            <groupId>io.netty</groupId>
            <artifactId>netty-common</artifactId>
            <version>4.1.72.Final</version>
            <licenses>
                <license>
                    <name>Apache License, Version 2.0</name>
                    <url>https://www.apache.org/licenses/LICENSE-2.0</url>
                </license>
            </licenses>
        </dependency>
        <dependency>
            <groupId>io.netty</groupId>
            <artifactId>netty-handler</artifactId>
            <version>4.1.72.Final</version>
            <licenses>
                <license>
                    <name>Apache License, Version 2.0</name>
                    <url>https://www.apache.org/licenses/LICENSE-2.0</url>
                </license>
            </licenses>
        </dependency>
        <dependency>
            <groupId>io.netty</groupId>
            <artifactId>netty-resolver</artifactId>
            <version>4.1.72.Final</version>
            <licenses>
                <license>
                    <name>Apache License, Version 2.0</name>
                    <url>https://www.apache.org/licenses/LICENSE-2.0</url>
                </license>
            </licenses>
        </dependency>
        <dependency>
            <groupId>io.netty</groupId>
            <artifactId>netty-tcnative-classes</artifactId>
            <version>2.0.46.Final</version>
            <licenses>
                <license>
                    <name>The Apache Software License, Version 2.0</name>
                    <url>http://www.apache.org/licenses/LICENSE-2.0.txt</url>
                    <distribution>repo</distribution>
                </license>
            </licenses>
        </dependency>
        <dependency>
            <groupId>io.netty</groupId>
            <artifactId>netty-transport</artifactId>
            <version>4.1.72.Final</version>
            <licenses>
                <license>
                    <name>Apache License, Version 2.0</name>
                    <url>https://www.apache.org/licenses/LICENSE-2.0</url>
                </license>
            </licenses>
        </dependency>
        <dependency>
            <groupId>io.netty</groupId>
            <artifactId>netty-transport-classes-epoll</artifactId>
            <version>4.1.72.Final</version>
            <licenses>
                <license>
                    <name>Apache License, Version 2.0</name>
                    <url>https://www.apache.org/licenses/LICENSE-2.0</url>
                </license>
            </licenses>
        </dependency>
        <dependency>
            <groupId>io.netty</groupId>
            <artifactId>netty-transport-native-epoll</artifactId>
            <version>4.1.72.Final</version>
            <licenses>
                <license>
                    <name>Apache License, Version 2.0</name>
                    <url>https://www.apache.org/licenses/LICENSE-2.0</url>
                </license>
            </licenses>
        </dependency>
        <dependency>
            <groupId>io.netty</groupId>
            <artifactId>netty-transport-native-unix-common</artifactId>
            <version>4.1.72.Final</version>
            <licenses>
                <license>
                    <name>Apache License, Version 2.0</name>
                    <url>https://www.apache.org/licenses/LICENSE-2.0</url>
                </license>
            </licenses>
        </dependency>
        <dependency>
            <groupId>io.opentracing</groupId>
            <artifactId>opentracing-api</artifactId>
            <version>0.31.0</version>
            <licenses>
                <license>
                    <name>The Apache Software License, Version 2.0</name>
                    <url>http://www.apache.org/licenses/LICENSE-2.0.txt</url>
                    <distribution>repo</distribution>
                </license>
            </licenses>
        </dependency>
        <dependency>
            <groupId>io.reactivex.rxjava3</groupId>
            <artifactId>rxjava</artifactId>
            <version>3.0.4</version>
            <licenses>
                <license>
                    <name>The Apache Software License, Version 2.0</name>
                    <url>http://www.apache.org/licenses/LICENSE-2.0.txt</url>
                    <distribution>repo</distribution>
                </license>
            </licenses>
        </dependency>
        <dependency>
            <groupId>io.smallrye.common</groupId>
            <artifactId>smallrye-common-annotation</artifactId>
            <version>1.5.0</version>
            <licenses>
                <license>
                    <name>Apache License, Version 2.0</name>
                    <url>https://www.apache.org/licenses/LICENSE-2.0.txt</url>
                    <distribution>repo</distribution>
                </license>
            </licenses>
        </dependency>
        <dependency>
            <groupId>io.smallrye.common</groupId>
            <artifactId>smallrye-common-classloader</artifactId>
            <version>1.5.0</version>
            <licenses>
                <license>
                    <name>Apache License, Version 2.0</name>
                    <url>https://www.apache.org/licenses/LICENSE-2.0.txt</url>
                    <distribution>repo</distribution>
                </license>
            </licenses>
        </dependency>
        <dependency>
            <groupId>io.smallrye.common</groupId>
            <artifactId>smallrye-common-constraint</artifactId>
            <version>1.5.0</version>
            <licenses>
                <license>
                    <name>Apache License, Version 2.0</name>
                    <url>https://www.apache.org/licenses/LICENSE-2.0.txt</url>
                    <distribution>repo</distribution>
                </license>
            </licenses>
        </dependency>
        <dependency>
            <groupId>io.smallrye.common</groupId>
            <artifactId>smallrye-common-expression</artifactId>
            <version>1.5.0</version>
            <licenses>
                <license>
                    <name>Apache License, Version 2.0</name>
                    <url>https://www.apache.org/licenses/LICENSE-2.0.txt</url>
                    <distribution>repo</distribution>
                </license>
            </licenses>
        </dependency>
        <dependency>
            <groupId>io.smallrye.common</groupId>
            <artifactId>smallrye-common-function</artifactId>
            <version>1.5.0</version>
            <licenses>
                <license>
                    <name>Apache License, Version 2.0</name>
                    <url>https://www.apache.org/licenses/LICENSE-2.0.txt</url>
                    <distribution>repo</distribution>
                </license>
            </licenses>
        </dependency>
        <dependency>
            <groupId>io.smallrye.config</groupId>
            <artifactId>smallrye-config</artifactId>
            <version>2.0.2</version>
            <licenses>
                <license>
                    <name>Apache License, Version 2.0</name>
                    <url>https://www.apache.org/licenses/LICENSE-2.0.txt</url>
                </license>
            </licenses>
        </dependency>
        <dependency>
            <groupId>io.smallrye.config</groupId>
            <artifactId>smallrye-config-common</artifactId>
            <version>2.0.2</version>
            <licenses>
                <license>
                    <name>Apache License, Version 2.0</name>
                    <url>https://www.apache.org/licenses/LICENSE-2.0.txt</url>
                </license>
            </licenses>
        </dependency>
        <dependency>
            <groupId>io.smallrye.config</groupId>
            <artifactId>smallrye-config-core</artifactId>
            <version>2.0.2</version>
            <licenses>
                <license>
                    <name>Apache License, Version 2.0</name>
                    <url>https://www.apache.org/licenses/LICENSE-2.0.txt</url>
                </license>
            </licenses>
        </dependency>
        <dependency>
            <groupId>io.smallrye</groupId>
            <artifactId>smallrye-metrics</artifactId>
            <version>3.0.1</version>
            <licenses>
                <license>
                    <name>Apache License, Version 2.0</name>
                    <url>https://www.apache.org/licenses/LICENSE-2.0.txt</url>
                </license>
            </licenses>
        </dependency>
        <dependency>
            <groupId>jakarta.transaction</groupId>
            <artifactId>jakarta.transaction-api</artifactId>
            <version>1.3.3</version>
            <licenses>
                <license>
                    <name>EPL 2.0</name>
                    <url>http://www.eclipse.org/legal/epl-2.0</url>
                    <distribution>repo</distribution>
                </license>
                <license>
                    <name>GPL2 w/ CPE</name>
                    <url>https://www.gnu.org/software/classpath/license.html</url>
                    <distribution>repo</distribution>
                </license>
            </licenses>
        </dependency>
        <dependency>
            <groupId>javax.annotation</groupId>
            <artifactId>javax.annotation-api</artifactId>
            <version>1.3.2</version>
            <licenses>
                <license>
                    <name>CDDL + GPLv2 with classpath exception</name>
                    <url>https://github.com/javaee/javax.annotation/blob/master/LICENSE</url>
                    <distribution>repo</distribution>
                    <comments>A business-friendly OSS license</comments>
                </license>
            </licenses>
        </dependency>
        <dependency>
            <groupId>net.sf.jopt-simple</groupId>
            <artifactId>jopt-simple</artifactId>
            <version>4.6</version>
            <licenses>
                <license>
                    <name>The MIT License</name>
                    <url>http://www.opensource.org/licenses/mit-license.php</url>
                    <distribution>repo</distribution>
                </license>
            </licenses>
        </dependency>
        <dependency>
            <packageName>numeral</packageName>
            <version>2.0.6</version>
            <licenses>
                <license>
                    <name>MIT License</name>
                    <url>http://www.opensource.org/licenses/MIT</url>
                </license>
            </licenses>
        </dependency>
        <dependency>
            <groupId>org.aesh</groupId>
            <artifactId>aesh</artifactId>
            <version>2.6</version>
            <licenses>
                <license>
                    <name>Apache License, Version 2.0</name>
                    <url>http://www.apache.org/licenses/LICENSE-2.0</url>
                </license>
            </licenses>
        </dependency>
        <dependency>
            <groupId>org.aesh</groupId>
            <artifactId>readline</artifactId>
            <version>2.1</version>
            <licenses>
                <license>
                    <name>Apache License, Version 2.0</name>
                    <url>http://www.apache.org/licenses/LICENSE-2.0</url>
                </license>
            </licenses>
        </dependency>
        <dependency>
            <groupId>org.apache.commons</groupId>
            <artifactId>commons-compress</artifactId>
            <version>1.21</version>
            <licenses>
                <license>
                    <name>Apache License, Version 2.0</name>
                    <url>https://www.apache.org/licenses/LICENSE-2.0.txt</url>
                    <distribution>repo</distribution>
                </license>
            </licenses>
        </dependency>
        <dependency>
            <groupId>org.apache.commons</groupId>
            <artifactId>commons-math3</artifactId>
            <version>3.2</version>
            <licenses>
                <license>
                    <name>The Apache Software License, Version 2.0</name>
                    <url>http://www.apache.org/licenses/LICENSE-2.0.txt</url>
                    <distribution>repo</distribution>
                </license>
            </licenses>
        </dependency>
        <dependency>
            <groupId>org.apache.kafka</groupId>
            <artifactId>kafka-clients</artifactId>
            <version>2.7.2</version>
            <licenses>
                <license>
                    <name>The Apache Software License, Version 2.0</name>
                    <url>https://www.apache.org/licenses/LICENSE-2.0.txt</url>
                    <distribution>repo</distribution>
                </license>
            </licenses>
        </dependency>
        <dependency>
            <groupId>org.apache.logging.log4j</groupId>
            <artifactId>log4j-api</artifactId>
            <version>2.17.1</version>
            <licenses>
                <license>
                    <name>Apache License, Version 2.0</name>
                    <url>https://www.apache.org/licenses/LICENSE-2.0.txt</url>
                    <distribution>repo</distribution>
                </license>
            </licenses>
        </dependency>
        <dependency>
            <groupId>org.apache.logging.log4j</groupId>
            <artifactId>log4j-core</artifactId>
            <version>2.17.1</version>
            <licenses>
                <license>
                    <name>Apache License, Version 2.0</name>
                    <url>https://www.apache.org/licenses/LICENSE-2.0.txt</url>
                    <distribution>repo</distribution>
                </license>
            </licenses>
        </dependency>
        <dependency>
            <groupId>org.apache.logging.log4j</groupId>
            <artifactId>log4j-jul</artifactId>
            <version>2.17.1</version>
            <licenses>
                <license>
                    <name>Apache License, Version 2.0</name>
                    <url>https://www.apache.org/licenses/LICENSE-2.0.txt</url>
                    <distribution>repo</distribution>
                </license>
            </licenses>
        </dependency>
        <dependency>
            <groupId>org.apache.logging.log4j</groupId>
            <artifactId>log4j-slf4j-impl</artifactId>
            <version>2.17.1</version>
            <licenses>
                <license>
                    <name>Apache License, Version 2.0</name>
                    <url>https://www.apache.org/licenses/LICENSE-2.0.txt</url>
                    <distribution>repo</distribution>
                </license>
            </licenses>
        </dependency>
        <dependency>
            <groupId>org.apache.lucene</groupId>
            <artifactId>lucene-analyzers-common</artifactId>
            <version>8.7.0</version>
            <licenses>
                <license>
                    <name>Apache License, Version 2.0</name>
                    <url>http://www.apache.org/licenses/LICENSE-2.0.txt</url>
                </license>
            </licenses>
        </dependency>
        <dependency>
            <groupId>org.apache.lucene</groupId>
            <artifactId>lucene-core</artifactId>
            <version>8.7.0</version>
            <licenses>
                <license>
                    <name>Apache License, Version 2.0</name>
                    <url>http://www.apache.org/licenses/LICENSE-2.0.txt</url>
                </license>
            </licenses>
        </dependency>
        <dependency>
            <groupId>org.apache.lucene</groupId>
            <artifactId>lucene-facet</artifactId>
            <version>8.7.0</version>
            <licenses>
                <license>
                    <name>Apache License, Version 2.0</name>
                    <url>http://www.apache.org/licenses/LICENSE-2.0.txt</url>
                </license>
            </licenses>
        </dependency>
        <dependency>
            <groupId>org.apache.lucene</groupId>
            <artifactId>lucene-join</artifactId>
            <version>8.7.0</version>
            <licenses>
                <license>
                    <name>Apache License, Version 2.0</name>
                    <url>http://www.apache.org/licenses/LICENSE-2.0.txt</url>
                </license>
            </licenses>
        </dependency>
        <dependency>
            <groupId>org.apache.lucene</groupId>
            <artifactId>lucene-queries</artifactId>
            <version>8.7.0</version>
            <licenses>
                <license>
                    <name>Apache License, Version 2.0</name>
                    <url>http://www.apache.org/licenses/LICENSE-2.0.txt</url>
                </license>
            </licenses>
        </dependency>
        <dependency>
            <groupId>org.apache.lucene</groupId>
            <artifactId>lucene-queryparser</artifactId>
            <version>8.7.0</version>
            <licenses>
                <license>
                    <name>Apache License, Version 2.0</name>
                    <url>http://www.apache.org/licenses/LICENSE-2.0.txt</url>
                </license>
            </licenses>
        </dependency>
        <dependency>
            <groupId>org.apache.lucene</groupId>
            <artifactId>lucene-sandbox</artifactId>
            <version>8.7.0</version>
            <licenses>
                <license>
                    <name>Apache License, Version 2.0</name>
                    <url>http://www.apache.org/licenses/LICENSE-2.0.txt</url>
                </license>
            </licenses>
        </dependency>
        <dependency>
            <groupId>org.apache.sshd</groupId>
            <artifactId>sshd-common</artifactId>
            <version>2.3.0</version>
            <licenses>
                <license>
                    <name>Apache 2.0 License</name>
                    <url>https://www.apache.org/licenses/LICENSE-2.0</url>
                    <distribution>repo</distribution>
                </license>
            </licenses>
        </dependency>
        <dependency>
            <groupId>org.eclipse.microprofile.config</groupId>
            <artifactId>microprofile-config-api</artifactId>
            <version>2.0</version>
            <licenses>
                <license>
                    <name>Apache-2.0</name>
                    <url>https://www.apache.org/licenses/LICENSE-2.0.txt</url>
                    <distribution>repo</distribution>
                    <comments>Apache License, Version 2.0</comments>
                </license>
            </licenses>
        </dependency>
        <dependency>
            <groupId>org.eclipse.microprofile.metrics</groupId>
            <artifactId>microprofile-metrics-api</artifactId>
            <version>3.0</version>
            <licenses>
                <license>
                    <name>Apache License, Version 2.0</name>
                    <url>https://www.apache.org/licenses/LICENSE-2.0.txt</url>
                    <distribution>repo</distribution>
                    <comments>A business-friendly OSS license</comments>
                </license>
            </licenses>
        </dependency>
        <dependency>
            <groupId>org.fusesource.jansi</groupId>
            <artifactId>jansi</artifactId>
            <version>1.18</version>
            <licenses>
                <license>
                    <name>The Apache Software License, Version 2.0</name>
                    <url>http://www.apache.org/licenses/LICENSE-2.0.txt</url>
                    <distribution>repo</distribution>
                </license>
            </licenses>
        </dependency>
        <dependency>
            <groupId>org.glassfish</groupId>
            <artifactId>javax.json</artifactId>
            <version>1.1.4</version>
            <licenses>
                <license>
                    <name>Dual license consisting of the CDDL v1.1 and GPL v2</name>
                    <url>https://oss.oracle.com/licenses/CDDL+GPL-1.1</url>
                    <distribution>repo</distribution>
                </license>
            </licenses>
        </dependency>
        <dependency>
            <groupId>org.hibernate.common</groupId>
            <artifactId>hibernate-commons-annotations</artifactId>
            <version>5.0.5.Final</version>
            <licenses>
                <license>
                    <name>GNU Lesser General Public License v2.1 or later</name>
                    <url>http://www.gnu.org/licenses/lgpl-2.1.html</url>
                    <distribution>repo</distribution>
                    <comments>See discussion at http://hibernate.org/license for more details.</comments>
                </license>
            </licenses>
        </dependency>
        <dependency>
            <groupId>org.hibernate.search</groupId>
            <artifactId>hibernate-search-backend-lucene</artifactId>
            <version>6.0.8.Final</version>
            <licenses>
                <license>
                    <name>GNU Lesser General Public License v2.1 or later</name>
                    <url>http://www.opensource.org/licenses/LGPL-2.1</url>
                    <comments>See also: http://hibernate.org/license</comments>
                </license>
            </licenses>
        </dependency>
        <dependency>
            <groupId>org.hibernate.search</groupId>
            <artifactId>hibernate-search-engine</artifactId>
            <version>6.0.8.Final</version>
            <licenses>
                <license>
                    <name>GNU Lesser General Public License v2.1 or later</name>
                    <url>http://www.opensource.org/licenses/LGPL-2.1</url>
                    <comments>See also: http://hibernate.org/license</comments>
                </license>
            </licenses>
        </dependency>
        <dependency>
            <groupId>org.hibernate.search</groupId>
            <artifactId>hibernate-search-mapper-pojo-base</artifactId>
            <version>6.0.8.Final</version>
            <licenses>
                <license>
                    <name>GNU Lesser General Public License v2.1 or later</name>
                    <url>http://www.opensource.org/licenses/LGPL-2.1</url>
                    <comments>See also: http://hibernate.org/license</comments>
                </license>
            </licenses>
        </dependency>
        <dependency>
            <groupId>org.hibernate.search</groupId>
            <artifactId>hibernate-search-util-common</artifactId>
            <version>6.0.8.Final</version>
            <licenses>
                <license>
                    <name>GNU Lesser General Public License v2.1 or later</name>
                    <url>http://www.opensource.org/licenses/LGPL-2.1</url>
                    <comments>See also: http://hibernate.org/license</comments>
                </license>
            </licenses>
        </dependency>
        <dependency>
            <groupId>org.hibernate.search</groupId>
            <artifactId>hibernate-search-v5migrationhelper-engine</artifactId>
            <version>6.0.8.Final</version>
            <licenses>
                <license>
                    <name>GNU Lesser General Public License v2.1 or later</name>
                    <url>http://www.opensource.org/licenses/LGPL-2.1</url>
                    <comments>See also: http://hibernate.org/license</comments>
                </license>
            </licenses>
        </dependency>
        <dependency>
            <groupId>org.infinispan.protostream</groupId>
            <artifactId>protostream</artifactId>
            <version>4.4.3.Final</version>
            <licenses>
                <license>
                    <name>Apache License 2.0</name>
                    <url>https://apache.org/licenses/LICENSE-2.0</url>
                    <distribution>repo</distribution>
                </license>
            </licenses>
        </dependency>
        <dependency>
            <groupId>org.infinispan.protostream</groupId>
            <artifactId>protostream-types</artifactId>
            <version>4.4.3.Final</version>
            <licenses>
                <license>
                    <name>Apache License 2.0</name>
                    <url>https://apache.org/licenses/LICENSE-2.0</url>
                    <distribution>repo</distribution>
                </license>
            </licenses>
        </dependency>
        <dependency>
            <groupId>org.infinispan</groupId>
            <artifactId>infinispan-anchored-keys</artifactId>
            <version>13.0.10.Final</version>
            <licenses>
                <license>
                    <name>Apache License 2.0</name>
                    <url>http://www.apache.org/licenses/LICENSE-2.0</url>
                    <distribution>repo</distribution>
                </license>
            </licenses>
        </dependency>
        <dependency>
            <groupId>org.infinispan</groupId>
            <artifactId>infinispan-cachestore-jdbc</artifactId>
            <version>13.0.10.Final</version>
            <licenses>
                <license>
                    <name>Apache License 2.0</name>
                    <url>http://www.apache.org/licenses/LICENSE-2.0</url>
                    <distribution>repo</distribution>
                </license>
            </licenses>
        </dependency>
        <dependency>
            <groupId>org.infinispan</groupId>
            <artifactId>infinispan-cachestore-jdbc-common</artifactId>
            <version>13.0.10.Final</version>
            <licenses>
                <license>
                    <name>Apache License 2.0</name>
                    <url>http://www.apache.org/licenses/LICENSE-2.0</url>
                    <distribution>repo</distribution>
                </license>
            </licenses>
        </dependency>
        <dependency>
            <groupId>org.infinispan</groupId>
            <artifactId>infinispan-cachestore-remote</artifactId>
            <version>13.0.10.Final</version>
            <licenses>
                <license>
                    <name>Apache License 2.0</name>
                    <url>http://www.apache.org/licenses/LICENSE-2.0</url>
                    <distribution>repo</distribution>
                </license>
            </licenses>
        </dependency>
        <dependency>
            <groupId>org.infinispan</groupId>
            <artifactId>infinispan-cachestore-rocksdb</artifactId>
            <version>13.0.10.Final</version>
            <licenses>
                <license>
                    <name>Apache License 2.0</name>
                    <url>http://www.apache.org/licenses/LICENSE-2.0</url>
                    <distribution>repo</distribution>
                </license>
            </licenses>
        </dependency>
        <dependency>
            <groupId>org.infinispan</groupId>
            <artifactId>infinispan-cachestore-sql</artifactId>
            <version>13.0.10.Final</version>
            <licenses>
                <license>
                    <name>Apache License 2.0</name>
                    <url>http://www.apache.org/licenses/LICENSE-2.0</url>
                    <distribution>repo</distribution>
                </license>
            </licenses>
        </dependency>
        <dependency>
            <groupId>org.infinispan</groupId>
            <artifactId>infinispan-cli-client</artifactId>
            <version>13.0.10.Final</version>
            <licenses>
                <license>
                    <name>Apache License 2.0</name>
                    <url>http://www.apache.org/licenses/LICENSE-2.0</url>
                    <distribution>repo</distribution>
                </license>
            </licenses>
        </dependency>
        <dependency>
            <groupId>org.infinispan</groupId>
            <artifactId>infinispan-client-hotrod</artifactId>
            <version>13.0.10.Final</version>
            <licenses>
                <license>
                    <name>Apache License 2.0</name>
                    <url>http://www.apache.org/licenses/LICENSE-2.0</url>
                    <distribution>repo</distribution>
                </license>
            </licenses>
        </dependency>
        <dependency>
            <groupId>org.infinispan</groupId>
            <artifactId>infinispan-client-rest</artifactId>
            <version>13.0.10.Final</version>
            <licenses>
                <license>
                    <name>Apache License 2.0</name>
                    <url>http://www.apache.org/licenses/LICENSE-2.0</url>
                    <distribution>repo</distribution>
                </license>
            </licenses>
        </dependency>
        <dependency>
            <groupId>org.infinispan</groupId>
            <artifactId>infinispan-cloudevents-integration</artifactId>
            <version>13.0.10.Final</version>
            <licenses>
                <license>
                    <name>Apache License 2.0</name>
                    <url>http://www.apache.org/licenses/LICENSE-2.0</url>
                    <distribution>repo</distribution>
                </license>
            </licenses>
        </dependency>
        <dependency>
            <groupId>org.infinispan</groupId>
            <artifactId>infinispan-clustered-counter</artifactId>
            <version>13.0.10.Final</version>
            <licenses>
                <license>
                    <name>Apache License 2.0</name>
                    <url>http://www.apache.org/licenses/LICENSE-2.0</url>
                    <distribution>repo</distribution>
                </license>
            </licenses>
        </dependency>
        <dependency>
            <groupId>org.infinispan</groupId>
            <artifactId>infinispan-clustered-lock</artifactId>
            <version>13.0.10.Final</version>
            <licenses>
                <license>
                    <name>Apache License 2.0</name>
                    <url>http://www.apache.org/licenses/LICENSE-2.0</url>
                    <distribution>repo</distribution>
                </license>
            </licenses>
        </dependency>
        <dependency>
            <groupId>org.infinispan</groupId>
            <artifactId>infinispan-commons</artifactId>
            <version>13.0.10.Final</version>
            <licenses>
                <license>
                    <name>Apache License 2.0</name>
                    <url>http://www.apache.org/licenses/LICENSE-2.0</url>
                    <distribution>repo</distribution>
                </license>
            </licenses>
        </dependency>
        <dependency>
            <groupId>org.infinispan</groupId>
            <artifactId>infinispan-core</artifactId>
            <version>13.0.10.Final</version>
            <licenses>
                <license>
                    <name>Apache License 2.0</name>
                    <url>http://www.apache.org/licenses/LICENSE-2.0</url>
                    <distribution>repo</distribution>
                </license>
            </licenses>
        </dependency>
        <dependency>
            <groupId>org.infinispan</groupId>
            <artifactId>infinispan-jboss-marshalling</artifactId>
            <version>13.0.10.Final</version>
            <licenses>
                <license>
                    <name>Apache License 2.0</name>
                    <url>http://www.apache.org/licenses/LICENSE-2.0</url>
                    <distribution>repo</distribution>
                </license>
            </licenses>
        </dependency>
        <dependency>
            <groupId>org.infinispan</groupId>
            <artifactId>infinispan-multimap</artifactId>
            <version>13.0.10.Final</version>
            <licenses>
                <license>
                    <name>Apache License 2.0</name>
                    <url>http://www.apache.org/licenses/LICENSE-2.0</url>
                    <distribution>repo</distribution>
                </license>
            </licenses>
        </dependency>
        <dependency>
            <groupId>org.infinispan</groupId>
            <artifactId>infinispan-objectfilter</artifactId>
            <version>13.0.10.Final</version>
            <licenses>
                <license>
                    <name>Apache License 2.0</name>
                    <url>http://www.apache.org/licenses/LICENSE-2.0</url>
                    <distribution>repo</distribution>
                </license>
            </licenses>
        </dependency>
        <dependency>
            <groupId>org.infinispan</groupId>
            <artifactId>infinispan-query</artifactId>
            <version>13.0.10.Final</version>
            <licenses>
                <license>
                    <name>Apache License 2.0</name>
                    <url>http://www.apache.org/licenses/LICENSE-2.0</url>
                    <distribution>repo</distribution>
                </license>
            </licenses>
        </dependency>
        <dependency>
            <groupId>org.infinispan</groupId>
            <artifactId>infinispan-query-core</artifactId>
            <version>13.0.10.Final</version>
            <licenses>
                <license>
                    <name>Apache License 2.0</name>
                    <url>http://www.apache.org/licenses/LICENSE-2.0</url>
                    <distribution>repo</distribution>
                </license>
            </licenses>
        </dependency>
        <dependency>
            <groupId>org.infinispan</groupId>
            <artifactId>infinispan-query-dsl</artifactId>
            <version>13.0.10.Final</version>
            <licenses>
                <license>
                    <name>Apache License 2.0</name>
                    <url>http://www.apache.org/licenses/LICENSE-2.0</url>
                    <distribution>repo</distribution>
                </license>
            </licenses>
        </dependency>
        <dependency>
            <groupId>org.infinispan</groupId>
            <artifactId>infinispan-remote-query-client</artifactId>
            <version>13.0.10.Final</version>
            <licenses>
                <license>
                    <name>Apache License 2.0</name>
                    <url>http://www.apache.org/licenses/LICENSE-2.0</url>
                    <distribution>repo</distribution>
                </license>
            </licenses>
        </dependency>
        <dependency>
            <groupId>org.infinispan</groupId>
            <artifactId>infinispan-remote-query-server</artifactId>
            <version>13.0.10.Final</version>
            <licenses>
                <license>
                    <name>Apache License 2.0</name>
                    <url>http://www.apache.org/licenses/LICENSE-2.0</url>
                    <distribution>repo</distribution>
                </license>
            </licenses>
        </dependency>
        <dependency>
            <groupId>org.infinispan</groupId>
            <artifactId>infinispan-scripting</artifactId>
            <version>13.0.10.Final</version>
            <licenses>
                <license>
                    <name>Apache License 2.0</name>
                    <url>http://www.apache.org/licenses/LICENSE-2.0</url>
                    <distribution>repo</distribution>
                </license>
            </licenses>
        </dependency>
        <dependency>
            <groupId>org.infinispan</groupId>
            <artifactId>infinispan-server-core</artifactId>
            <version>13.0.10.Final</version>
            <licenses>
                <license>
                    <name>Apache License 2.0</name>
                    <url>http://www.apache.org/licenses/LICENSE-2.0</url>
                    <distribution>repo</distribution>
                </license>
            </licenses>
        </dependency>
        <dependency>
            <groupId>org.infinispan</groupId>
            <artifactId>infinispan-server-hotrod</artifactId>
            <version>13.0.10.Final</version>
            <licenses>
                <license>
                    <name>Apache License 2.0</name>
                    <url>http://www.apache.org/licenses/LICENSE-2.0</url>
                    <distribution>repo</distribution>
                </license>
            </licenses>
        </dependency>
        <dependency>
            <groupId>org.infinispan</groupId>
            <artifactId>infinispan-server-memcached</artifactId>
            <version>13.0.10.Final</version>
            <licenses>
                <license>
                    <name>Apache License 2.0</name>
                    <url>http://www.apache.org/licenses/LICENSE-2.0</url>
                    <distribution>repo</distribution>
                </license>
            </licenses>
        </dependency>
        <dependency>
            <groupId>org.infinispan</groupId>
            <artifactId>infinispan-server-rest</artifactId>
            <version>13.0.10.Final</version>
            <licenses>
                <license>
                    <name>Apache License 2.0</name>
                    <url>http://www.apache.org/licenses/LICENSE-2.0</url>
                    <distribution>repo</distribution>
                </license>
            </licenses>
        </dependency>
        <dependency>
            <groupId>org.infinispan</groupId>
            <artifactId>infinispan-server-router</artifactId>
            <version>13.0.10.Final</version>
            <licenses>
                <license>
                    <name>Apache License 2.0</name>
                    <url>http://www.apache.org/licenses/LICENSE-2.0</url>
                    <distribution>repo</distribution>
                </license>
            </licenses>
        </dependency>
        <dependency>
            <groupId>org.infinispan</groupId>
            <artifactId>infinispan-server-runtime</artifactId>
            <version>13.0.10.Final</version>
            <licenses>
                <license>
                    <name>Apache License 2.0</name>
                    <url>http://www.apache.org/licenses/LICENSE-2.0</url>
                    <distribution>repo</distribution>
                </license>
            </licenses>
        </dependency>
        <dependency>
            <groupId>org.infinispan</groupId>
            <artifactId>infinispan-tasks</artifactId>
            <version>13.0.10.Final</version>
            <licenses>
                <license>
                    <name>Apache License 2.0</name>
                    <url>http://www.apache.org/licenses/LICENSE-2.0</url>
                    <distribution>repo</distribution>
                </license>
            </licenses>
        </dependency>
        <dependency>
            <groupId>org.infinispan</groupId>
            <artifactId>infinispan-tasks-api</artifactId>
            <version>13.0.10.Final</version>
            <licenses>
                <license>
                    <name>Apache License 2.0</name>
                    <url>http://www.apache.org/licenses/LICENSE-2.0</url>
                    <distribution>repo</distribution>
                </license>
            </licenses>
        </dependency>
        <dependency>
            <groupId>org.jboss.logging</groupId>
            <artifactId>jboss-logging</artifactId>
            <version>3.4.1.Final</version>
            <licenses>
                <license>
                    <name>Apache License, version 2.0</name>
                    <url>http://www.apache.org/licenses/LICENSE-2.0.txt</url>
                    <distribution>repo</distribution>
                </license>
            </licenses>
        </dependency>
        <dependency>
            <groupId>org.jboss.marshalling</groupId>
            <artifactId>jboss-marshalling-osgi</artifactId>
            <version>2.0.12.Final</version>
            <licenses>
                <license>
                    <name>Apache License 2.0</name>
                    <url>http://repository.jboss.org/licenses/apache-2.0.txt</url>
                    <distribution>repo</distribution>
                </license>
            </licenses>
        </dependency>
        <dependency>
            <groupId>org.jboss.threads</groupId>
            <artifactId>jboss-threads</artifactId>
            <version>2.3.3.Final</version>
            <licenses>
                <license>
                    <name>Apache License 2.0</name>
                    <url>http://www.apache.org/licenses/LICENSE-2.0.txt</url>
                </license>
            </licenses>
        </dependency>
        <dependency>
            <groupId>org.jgroups</groupId>
            <artifactId>jgroups</artifactId>
            <version>4.2.18.Final</version>
            <licenses>
                <license>
                    <name>Apache License 2.0</name>
                    <url>http://www.apache.org/licenses/LICENSE-2.0.html</url>
                </license>
            </licenses>
        </dependency>
        <dependency>
            <groupId>org.lz4</groupId>
            <artifactId>lz4-java</artifactId>
            <version>1.7.1</version>
            <licenses>
                <license>
                    <name>The Apache Software License, Version 2.0</name>
                    <url>http://www.apache.org/licenses/LICENSE-2.0.txt</url>
                    <distribution>repo</distribution>
                </license>
            </licenses>
        </dependency>
        <dependency>
            <groupId>org.openjdk.jmh</groupId>
            <artifactId>jmh-core</artifactId>
            <version>1.23</version>
            <licenses>
                <license>
                    <name>GNU General Public License (GPL), version 2, with the Classpath exception</name>
                    <url>http://openjdk.java.net/legal/gplv2+ce.html</url>
                </license>
            </licenses>
        </dependency>
        <dependency>
            <groupId>org.ow2.asm</groupId>
            <artifactId>asm</artifactId>
            <version>9.0</version>
            <licenses>
                <license>
                    <name>BSD-3-Clause</name>
                    <url>https://asm.ow2.io/license.html</url>
                </license>
            </licenses>
        </dependency>
        <dependency>
            <groupId>org.reactivestreams</groupId>
            <artifactId>reactive-streams</artifactId>
            <version>1.0.3</version>
            <licenses>
                <license>
                    <name>CC0</name>
                    <url>http://creativecommons.org/publicdomain/zero/1.0/</url>
                    <distribution>repo</distribution>
                </license>
            </licenses>
        </dependency>
        <dependency>
            <groupId>org.rocksdb</groupId>
            <artifactId>rocksdbjni</artifactId>
            <version>6.22.1.1</version>
            <licenses>
                <license>
                    <name>Apache License 2.0</name>
                    <url>http://www.apache.org/licenses/LICENSE-2.0.html</url>
                    <distribution>repo</distribution>
                </license>
                <license>
                    <name>GNU General Public License, version 2</name>
                    <url>http://www.gnu.org/licenses/gpl-2.0.html</url>
                    <distribution>repo</distribution>
                </license>
            </licenses>
        </dependency>
        <dependency>
            <groupId>org.slf4j</groupId>
            <artifactId>slf4j-api</artifactId>
            <version>1.7.25</version>
            <licenses>
                <license>
                    <name>MIT License</name>
                    <url>http://www.opensource.org/licenses/mit-license.php</url>
                    <distribution>repo</distribution>
                </license>
            </licenses>
        </dependency>
        <dependency>
            <groupId>org.wildfly.common</groupId>
            <artifactId>wildfly-common</artifactId>
            <version>1.5.4.Final</version>
            <licenses>
                <license>
                    <name>Apache License 2.0</name>
                    <url>http://repository.jboss.org/licenses/apache-2.0.txt</url>
                    <distribution>repo</distribution>
                </license>
            </licenses>
        </dependency>
        <dependency>
            <groupId>org.wildfly.openssl</groupId>
            <artifactId>wildfly-openssl-java</artifactId>
            <version>2.1.4.Final</version>
            <licenses>
                <license>
                    <name>Apache License 2.0</name>
                    <url>http://repository.jboss.org/licenses/apache-2.0.txt</url>
                    <distribution>repo</distribution>
                </license>
            </licenses>
        </dependency>
        <dependency>
            <groupId>org.wildfly.openssl</groupId>
            <artifactId>wildfly-openssl-linux-x86_64</artifactId>
            <version>2.1.0.Final</version>
            <licenses>
                <license>
                    <name>Apache License Version 2.0</name>
                    <url>http://repository.jboss.org/licenses/apache-2.0.txt</url>
                    <distribution>repo</distribution>
                </license>
            </licenses>
        </dependency>
        <dependency>
            <groupId>org.wildfly.security</groupId>
            <artifactId>wildfly-elytron-asn1</artifactId>
            <version>1.17.2.Final</version>
            <licenses>
                <license>
                    <name>Apache License 2.0</name>
                    <url>http://www.apache.org/licenses/LICENSE-2.0.txt</url>
                </license>
            </licenses>
        </dependency>
        <dependency>
            <groupId>org.wildfly.security</groupId>
            <artifactId>wildfly-elytron-auth</artifactId>
            <version>1.17.2.Final</version>
            <licenses>
                <license>
                    <name>Apache License 2.0</name>
                    <url>http://www.apache.org/licenses/LICENSE-2.0.txt</url>
                </license>
            </licenses>
        </dependency>
        <dependency>
            <groupId>org.wildfly.security</groupId>
            <artifactId>wildfly-elytron-auth-server</artifactId>
            <version>1.17.2.Final</version>
            <licenses>
                <license>
                    <name>Apache License 2.0</name>
                    <url>http://www.apache.org/licenses/LICENSE-2.0.txt</url>
                </license>
            </licenses>
        </dependency>
        <dependency>
            <groupId>org.wildfly.security</groupId>
            <artifactId>wildfly-elytron-auth-server-http</artifactId>
            <version>1.17.2.Final</version>
            <licenses>
                <license>
                    <name>Apache License 2.0</name>
                    <url>http://www.apache.org/licenses/LICENSE-2.0.txt</url>
                </license>
            </licenses>
        </dependency>
        <dependency>
            <groupId>org.wildfly.security</groupId>
            <artifactId>wildfly-elytron-auth-server-sasl</artifactId>
            <version>1.17.2.Final</version>
            <licenses>
                <license>
                    <name>Apache License 2.0</name>
                    <url>http://www.apache.org/licenses/LICENSE-2.0.txt</url>
                </license>
            </licenses>
        </dependency>
        <dependency>
            <groupId>org.wildfly.security</groupId>
            <artifactId>wildfly-elytron-auth-util</artifactId>
            <version>1.17.2.Final</version>
            <licenses>
                <license>
                    <name>Apache License 2.0</name>
                    <url>http://www.apache.org/licenses/LICENSE-2.0.txt</url>
                </license>
            </licenses>
        </dependency>
        <dependency>
            <groupId>org.wildfly.security</groupId>
            <artifactId>wildfly-elytron-base</artifactId>
            <version>1.17.2.Final</version>
            <licenses>
                <license>
                    <name>Apache License 2.0</name>
                    <url>http://www.apache.org/licenses/LICENSE-2.0.txt</url>
                </license>
            </licenses>
        </dependency>
        <dependency>
            <groupId>org.wildfly.security</groupId>
            <artifactId>wildfly-elytron-client</artifactId>
            <version>1.17.2.Final</version>
            <licenses>
                <license>
                    <name>Apache License 2.0</name>
                    <url>http://www.apache.org/licenses/LICENSE-2.0.txt</url>
                </license>
            </licenses>
        </dependency>
        <dependency>
            <groupId>org.wildfly.security</groupId>
            <artifactId>wildfly-elytron-credential</artifactId>
            <version>1.17.2.Final</version>
            <licenses>
                <license>
                    <name>Apache License 2.0</name>
                    <url>http://www.apache.org/licenses/LICENSE-2.0.txt</url>
                </license>
            </licenses>
        </dependency>
        <dependency>
            <groupId>org.wildfly.security</groupId>
            <artifactId>wildfly-elytron-credential-source-impl</artifactId>
            <version>1.17.2.Final</version>
            <licenses>
                <license>
                    <name>Apache License 2.0</name>
                    <url>http://www.apache.org/licenses/LICENSE-2.0.txt</url>
                </license>
            </licenses>
        </dependency>
        <dependency>
            <groupId>org.wildfly.security</groupId>
            <artifactId>wildfly-elytron-credential-store</artifactId>
            <version>1.17.2.Final</version>
            <licenses>
                <license>
                    <name>Apache License 2.0</name>
                    <url>http://www.apache.org/licenses/LICENSE-2.0.txt</url>
                </license>
            </licenses>
        </dependency>
        <dependency>
            <groupId>org.wildfly.security</groupId>
            <artifactId>wildfly-elytron-encryption</artifactId>
            <version>1.17.2.Final</version>
            <licenses>
                <license>
                    <name>Apache License 2.0</name>
                    <url>http://www.apache.org/licenses/LICENSE-2.0.txt</url>
                </license>
            </licenses>
        </dependency>
        <dependency>
            <groupId>org.wildfly.security</groupId>
            <artifactId>wildfly-elytron-http</artifactId>
            <version>1.17.2.Final</version>
            <licenses>
                <license>
                    <name>Apache License 2.0</name>
                    <url>http://www.apache.org/licenses/LICENSE-2.0.txt</url>
                </license>
            </licenses>
        </dependency>
        <dependency>
            <groupId>org.wildfly.security</groupId>
            <artifactId>wildfly-elytron-http-basic</artifactId>
            <version>1.17.2.Final</version>
            <licenses>
                <license>
                    <name>Apache License 2.0</name>
                    <url>http://www.apache.org/licenses/LICENSE-2.0.txt</url>
                </license>
            </licenses>
        </dependency>
        <dependency>
            <groupId>org.wildfly.security</groupId>
            <artifactId>wildfly-elytron-http-bearer</artifactId>
            <version>1.17.2.Final</version>
            <licenses>
                <license>
                    <name>Apache License 2.0</name>
                    <url>http://www.apache.org/licenses/LICENSE-2.0.txt</url>
                </license>
            </licenses>
        </dependency>
        <dependency>
            <groupId>org.wildfly.security</groupId>
            <artifactId>wildfly-elytron-http-cert</artifactId>
            <version>1.17.2.Final</version>
            <licenses>
                <license>
                    <name>Apache License 2.0</name>
                    <url>http://www.apache.org/licenses/LICENSE-2.0.txt</url>
                </license>
            </licenses>
        </dependency>
        <dependency>
            <groupId>org.wildfly.security</groupId>
            <artifactId>wildfly-elytron-http-digest</artifactId>
            <version>1.17.2.Final</version>
            <licenses>
                <license>
                    <name>Apache License 2.0</name>
                    <url>http://www.apache.org/licenses/LICENSE-2.0.txt</url>
                </license>
            </licenses>
        </dependency>
        <dependency>
            <groupId>org.wildfly.security</groupId>
            <artifactId>wildfly-elytron-http-spnego</artifactId>
            <version>1.17.2.Final</version>
            <licenses>
                <license>
                    <name>Apache License 2.0</name>
                    <url>http://www.apache.org/licenses/LICENSE-2.0.txt</url>
                </license>
            </licenses>
        </dependency>
        <dependency>
            <groupId>org.wildfly.security</groupId>
            <artifactId>wildfly-elytron-http-util</artifactId>
            <version>1.17.2.Final</version>
            <licenses>
                <license>
                    <name>Apache License 2.0</name>
                    <url>http://www.apache.org/licenses/LICENSE-2.0.txt</url>
                </license>
            </licenses>
        </dependency>
        <dependency>
            <groupId>org.wildfly.security</groupId>
            <artifactId>wildfly-elytron-json-util</artifactId>
            <version>1.17.2.Final</version>
            <licenses>
                <license>
                    <name>Apache License 2.0</name>
                    <url>http://www.apache.org/licenses/LICENSE-2.0.txt</url>
                </license>
            </licenses>
        </dependency>
        <dependency>
            <groupId>org.wildfly.security</groupId>
            <artifactId>wildfly-elytron-keystore</artifactId>
            <version>1.17.2.Final</version>
            <licenses>
                <license>
                    <name>Apache License 2.0</name>
                    <url>http://www.apache.org/licenses/LICENSE-2.0.txt</url>
                </license>
            </licenses>
        </dependency>
        <dependency>
            <groupId>org.wildfly.security</groupId>
            <artifactId>wildfly-elytron-mechanism</artifactId>
            <version>1.17.2.Final</version>
            <licenses>
                <license>
                    <name>Apache License 2.0</name>
                    <url>http://www.apache.org/licenses/LICENSE-2.0.txt</url>
                </license>
            </licenses>
        </dependency>
        <dependency>
            <groupId>org.wildfly.security</groupId>
            <artifactId>wildfly-elytron-mechanism-digest</artifactId>
            <version>1.17.2.Final</version>
            <licenses>
                <license>
                    <name>Apache License 2.0</name>
                    <url>http://www.apache.org/licenses/LICENSE-2.0.txt</url>
                </license>
            </licenses>
        </dependency>
        <dependency>
            <groupId>org.wildfly.security</groupId>
            <artifactId>wildfly-elytron-mechanism-gssapi</artifactId>
            <version>1.17.2.Final</version>
            <licenses>
                <license>
                    <name>Apache License 2.0</name>
                    <url>http://www.apache.org/licenses/LICENSE-2.0.txt</url>
                </license>
            </licenses>
        </dependency>
        <dependency>
            <groupId>org.wildfly.security</groupId>
            <artifactId>wildfly-elytron-mechanism-http</artifactId>
            <version>1.17.2.Final</version>
            <licenses>
                <license>
                    <name>Apache License 2.0</name>
                    <url>http://www.apache.org/licenses/LICENSE-2.0.txt</url>
                </license>
            </licenses>
        </dependency>
        <dependency>
            <groupId>org.wildfly.security</groupId>
            <artifactId>wildfly-elytron-mechanism-oauth2</artifactId>
            <version>1.17.2.Final</version>
            <licenses>
                <license>
                    <name>Apache License 2.0</name>
                    <url>http://www.apache.org/licenses/LICENSE-2.0.txt</url>
                </license>
            </licenses>
        </dependency>
        <dependency>
            <groupId>org.wildfly.security</groupId>
            <artifactId>wildfly-elytron-mechanism-scram</artifactId>
            <version>1.17.2.Final</version>
            <licenses>
                <license>
                    <name>Apache License 2.0</name>
                    <url>http://www.apache.org/licenses/LICENSE-2.0.txt</url>
                </license>
            </licenses>
        </dependency>
        <dependency>
            <groupId>org.wildfly.security</groupId>
            <artifactId>wildfly-elytron-password-impl</artifactId>
            <version>1.17.2.Final</version>
            <licenses>
                <license>
                    <name>Apache License 2.0</name>
                    <url>http://www.apache.org/licenses/LICENSE-2.0.txt</url>
                </license>
            </licenses>
        </dependency>
        <dependency>
            <groupId>org.wildfly.security</groupId>
            <artifactId>wildfly-elytron-permission</artifactId>
            <version>1.17.2.Final</version>
            <licenses>
                <license>
                    <name>Apache License 2.0</name>
                    <url>http://www.apache.org/licenses/LICENSE-2.0.txt</url>
                </license>
            </licenses>
        </dependency>
        <dependency>
            <groupId>org.wildfly.security</groupId>
            <artifactId>wildfly-elytron-provider-util</artifactId>
            <version>1.17.2.Final</version>
            <licenses>
                <license>
                    <name>Apache License 2.0</name>
                    <url>http://www.apache.org/licenses/LICENSE-2.0.txt</url>
                </license>
            </licenses>
        </dependency>
        <dependency>
            <groupId>org.wildfly.security</groupId>
            <artifactId>wildfly-elytron-realm</artifactId>
            <version>1.17.2.Final</version>
            <licenses>
                <license>
                    <name>Apache License 2.0</name>
                    <url>http://www.apache.org/licenses/LICENSE-2.0.txt</url>
                </license>
            </licenses>
        </dependency>
        <dependency>
            <groupId>org.wildfly.security</groupId>
            <artifactId>wildfly-elytron-realm-ldap</artifactId>
            <version>1.17.2.Final</version>
            <licenses>
                <license>
                    <name>Apache License 2.0</name>
                    <url>http://www.apache.org/licenses/LICENSE-2.0.txt</url>
                </license>
            </licenses>
        </dependency>
        <dependency>
            <groupId>org.wildfly.security</groupId>
            <artifactId>wildfly-elytron-realm-token</artifactId>
            <version>1.17.2.Final</version>
            <licenses>
                <license>
                    <name>Apache License 2.0</name>
                    <url>http://www.apache.org/licenses/LICENSE-2.0.txt</url>
                </license>
            </licenses>
        </dependency>
        <dependency>
            <groupId>org.wildfly.security</groupId>
            <artifactId>wildfly-elytron-sasl</artifactId>
            <version>1.17.2.Final</version>
            <licenses>
                <license>
                    <name>Apache License 2.0</name>
                    <url>http://www.apache.org/licenses/LICENSE-2.0.txt</url>
                </license>
            </licenses>
        </dependency>
        <dependency>
            <groupId>org.wildfly.security</groupId>
            <artifactId>wildfly-elytron-sasl-digest</artifactId>
            <version>1.17.2.Final</version>
            <licenses>
                <license>
                    <name>Apache License 2.0</name>
                    <url>http://www.apache.org/licenses/LICENSE-2.0.txt</url>
                </license>
            </licenses>
        </dependency>
        <dependency>
            <groupId>org.wildfly.security</groupId>
            <artifactId>wildfly-elytron-sasl-external</artifactId>
            <version>1.17.2.Final</version>
            <licenses>
                <license>
                    <name>Apache License 2.0</name>
                    <url>http://www.apache.org/licenses/LICENSE-2.0.txt</url>
                </license>
            </licenses>
        </dependency>
        <dependency>
            <groupId>org.wildfly.security</groupId>
            <artifactId>wildfly-elytron-sasl-gs2</artifactId>
            <version>1.17.2.Final</version>
            <licenses>
                <license>
                    <name>Apache License 2.0</name>
                    <url>http://www.apache.org/licenses/LICENSE-2.0.txt</url>
                </license>
            </licenses>
        </dependency>
        <dependency>
            <groupId>org.wildfly.security</groupId>
            <artifactId>wildfly-elytron-sasl-gssapi</artifactId>
            <version>1.17.2.Final</version>
            <licenses>
                <license>
                    <name>Apache License 2.0</name>
                    <url>http://www.apache.org/licenses/LICENSE-2.0.txt</url>
                </license>
            </licenses>
        </dependency>
        <dependency>
            <groupId>org.wildfly.security</groupId>
            <artifactId>wildfly-elytron-sasl-localuser</artifactId>
            <version>1.17.2.Final</version>
            <licenses>
                <license>
                    <name>Apache License 2.0</name>
                    <url>http://www.apache.org/licenses/LICENSE-2.0.txt</url>
                </license>
            </licenses>
        </dependency>
        <dependency>
            <groupId>org.wildfly.security</groupId>
            <artifactId>wildfly-elytron-sasl-oauth2</artifactId>
            <version>1.17.2.Final</version>
            <licenses>
                <license>
                    <name>Apache License 2.0</name>
                    <url>http://www.apache.org/licenses/LICENSE-2.0.txt</url>
                </license>
            </licenses>
        </dependency>
        <dependency>
            <groupId>org.wildfly.security</groupId>
            <artifactId>wildfly-elytron-sasl-plain</artifactId>
            <version>1.17.2.Final</version>
            <licenses>
                <license>
                    <name>Apache License 2.0</name>
                    <url>http://www.apache.org/licenses/LICENSE-2.0.txt</url>
                </license>
            </licenses>
        </dependency>
        <dependency>
            <groupId>org.wildfly.security</groupId>
            <artifactId>wildfly-elytron-sasl-scram</artifactId>
            <version>1.17.2.Final</version>
            <licenses>
                <license>
                    <name>Apache License 2.0</name>
                    <url>http://www.apache.org/licenses/LICENSE-2.0.txt</url>
                </license>
            </licenses>
        </dependency>
        <dependency>
            <groupId>org.wildfly.security</groupId>
            <artifactId>wildfly-elytron-security-manager-action</artifactId>
            <version>1.17.2.Final</version>
            <licenses>
                <license>
                    <name>Apache License 2.0</name>
                    <url>http://www.apache.org/licenses/LICENSE-2.0.txt</url>
                </license>
            </licenses>
        </dependency>
        <dependency>
            <groupId>org.wildfly.security</groupId>
            <artifactId>wildfly-elytron-ssl</artifactId>
            <version>1.17.2.Final</version>
            <licenses>
                <license>
                    <name>Apache License 2.0</name>
                    <url>http://www.apache.org/licenses/LICENSE-2.0.txt</url>
                </license>
            </licenses>
        </dependency>
        <dependency>
            <groupId>org.wildfly.security</groupId>
            <artifactId>wildfly-elytron-util</artifactId>
            <version>1.17.2.Final</version>
            <licenses>
                <license>
                    <name>Apache License 2.0</name>
                    <url>http://www.apache.org/licenses/LICENSE-2.0.txt</url>
                </license>
            </licenses>
        </dependency>
        <dependency>
            <groupId>org.wildfly.security</groupId>
            <artifactId>wildfly-elytron-x500</artifactId>
            <version>1.17.2.Final</version>
            <licenses>
                <license>
                    <name>Apache License 2.0</name>
                    <url>http://www.apache.org/licenses/LICENSE-2.0.txt</url>
                </license>
            </licenses>
        </dependency>
        <dependency>
            <groupId>org.wildfly.security</groupId>
            <artifactId>wildfly-elytron-x500-cert</artifactId>
            <version>1.17.2.Final</version>
            <licenses>
                <license>
                    <name>Apache License 2.0</name>
                    <url>http://www.apache.org/licenses/LICENSE-2.0.txt</url>
                </license>
            </licenses>
        </dependency>
        <dependency>
            <groupId>org.wildfly.security</groupId>
            <artifactId>wildfly-elytron-x500-cert-util</artifactId>
            <version>1.17.2.Final</version>
            <licenses>
                <license>
                    <name>Apache License 2.0</name>
                    <url>http://www.apache.org/licenses/LICENSE-2.0.txt</url>
                </license>
            </licenses>
        </dependency>
        <dependency>
            <groupId>org.xerial.snappy</groupId>
            <artifactId>snappy-java</artifactId>
            <version>1.1.7.7</version>
            <licenses>
                <license>
                    <name>Apache-2.0</name>
                    <url>https://www.apache.org/licenses/LICENSE-2.0.html</url>
                    <distribution>repo</distribution>
                </license>
            </licenses>
        </dependency>
        <dependency>
            <packageName>react-dom</packageName>
            <version>17.0.2</version>
            <licenses>
                <license>
                    <name>MIT License</name>
                    <url>http://www.opensource.org/licenses/MIT</url>
                </license>
            </licenses>
        </dependency>
        <dependency>
            <packageName>react-router-last-location</packageName>
            <version>2.0.1</version>
            <licenses>
                <license>
                    <name>MIT License</name>
                    <url>http://www.opensource.org/licenses/MIT</url>
                </license>
            </licenses>
        </dependency>
        <dependency>
            <packageName>react-syntax-highlighter</packageName>
            <version>15.5.0</version>
            <licenses>
                <license>
                    <name>MIT License</name>
                    <url>http://www.opensource.org/licenses/MIT</url>
                </license>
            </licenses>
        </dependency>
        <dependency>
            <packageName>react</packageName>
            <version>17.0.2</version>
            <licenses>
                <license>
                    <name>MIT License</name>
                    <url>http://www.opensource.org/licenses/MIT</url>
                </license>
            </licenses>
        </dependency>
    </dependencies>
</licenseSummary>
